{
    "max_life": 133.100006,
    "level max": 10.0,
    "max_energy": 1210.0,
    "xp max": 248.832000,
    "actual xp": 35.839996,
    "actual lvl": 5.0
}
