{
    "max_life": 346.211242,
    "level max": 10.0,
    "max_energy": 1610.510009,
    "xp max": 100.0,
    "actual xp": 80.0,
    "actual lvl": 15.0
}
