{
    "current stage": 1,
    "86 infinity": 0,
    "86 heal": 0,
    "music volume": 20.333332,
    "sound volume": 33.666667
}
