{
    "current stage": 1,
    "music volume": 50.333332,
    "sound volume": 95.333335
}
