{
    "current stage": 6,
    "music volume": 36.333332,
    "sound volume": 33.666667
}
