{
    "current stage": 0,
    "music volume": 54.666667,
    "sound volume": 95.333335
}
