{
    "current stage": 0,
    "music volume": 20.333332,
    "sound volume": 33.666667
}
