{
    "current stage": 0,
    "music volume": 40.666667,
    "sound volume": 95.333335
}
