{
    "current stage": 0,
    "86 infinity": 0,
    "86 heal": 0,
    "music volume": 53.666667,
    "sound volume": 95.333335
}
