{
    "current stage": 0,
    "86 infinity": 0,
    "86 heal": 0,
    "music volume": 20.333333,
    "sound volume": 33.666667
}
